{
    "mean_reward": 6.5091984214384295,
    "std_reward": 0.5910596274675469,
    "mean_energy": 2.8032693061182927,
    "mean_violations": 549.825,
    "scenarios": {
        "summer": {
            "mean_reward": 6.421120909892093,
            "std_reward": 0.6706833738429234,
            "mean_energy": 2.8210645662943548,
            "mean_violations": 550.5
        },
        "winter": {
            "mean_reward": 6.524245661070213,
            "std_reward": 0.5647891490569981,
            "mean_energy": 2.756175416688127,
            "mean_violations": 546.7
        },
        "weekday": {
            "mean_reward": 6.532237571611627,
            "std_reward": 0.49600026666540836,
            "mean_energy": 2.815999787012739,
            "mean_violations": 547.8
        },
        "weekend": {
            "mean_reward": 6.559189543179784,
            "std_reward": 0.6327657203048577,
            "mean_energy": 2.819837454477949,
            "mean_violations": 554.3
        }
    }
}